zl,zs,pix_arc,nfw_name,nfw_x0,nfw_y0,nfw_logmass,nfw_concentration,nfw_axisrat,nfw_theta,nfw_add,nfw_radius,nfw_rho0,hern_name,hern_x0,hern_y0,hern_logmass,hern_effrad,hern_axisrat,hern_theta,hern_add,hern_radius,hern_norm,mult1_m,mult1_x0,mult1_y0,mult1_norm,mult1_slope,mult1_theta,mult1_add,mult3_m,mult3_x0,mult3_y0,mult3_norm,mult3_slope,mult3_theta,mult3_add,mult4_m,mult4_x0,mult4_y0,mult4_norm,mult4_slope,mult4_theta,mult4_add,ex_norm,ex_theta,ex_add,rhoc,sigCrit,angDist
0.8774358824250097,1.6689651869882656,24.454777946463555,p01,0.0,0.0,13.26422671988377,5.180487703051305,0.85,0.0,True,84.91176790828469,9717012.898485895,p02,0.0,0.0,11.660431745593206,3.2972634938150795,0.85,0.0,True,1.816792185092109,12143283042.731062,1,0.0,0.0,0.0,2.0,0.0,True,3,0.0,0.0,0.0,2.0,0.0,True,4,0.0,0.0,0.0,2.0,0.0,True,0.0,0.0,True,342.2437677896399,2825960398.7535443,1621956.125483745
0.4510921472998265,1.4403228301597406,35.32845897049739,p01,0.0,0.0,12.762877442966301,6.993917466733388,0.85,0.0,True,52.70612191983533,10461613.850666128,p02,0.0,0.0,11.118303986282848,3.3139756792438018,0.85,0.0,True,1.826000599263335,3432585556.4936676,1,0.0,0.0,0.0,2.0,0.0,True,3,0.0,0.0,0.0,2.0,0.0,True,4,0.0,0.0,0.0,2.0,0.0,True,0.0,0.0,True,211.45912303752453,2309833201.411209,1201132.3656710233
0.4418414448150817,2.5382932715020265,7.830021590378448,p01,0.0,0.0,14.101253362111931,5.387477207986519,0.85,0.0,True,192.05232493834762,5612268.304688853,p02,0.0,0.0,11.414002948820748,2.5903057199633794,0.85,0.0,True,1.4272584516998221,14200878451.175457,1,0.0,0.0,0.0,2.0,0.0,True,3,0.0,0.0,0.0,2.0,0.0,True,4,0.0,0.0,0.0,2.0,0.0,True,0.0,0.0,True,209.32717337069886,1954287406.7120166,1186747.644406582
0.35814291630144074,2.627516019966499,33.26761832485701,p01,0.0,0.0,12.52172911672528,7.7562108025250245,0.85,0.0,True,41.48355288109076,11545087.845730906,p02,0.0,0.0,10.889623380414635,1.4431843458722369,0.85,0.0,True,0.7951945745756026,24548405421.40097,1,0.0,0.0,0.0,2.0,0.0,True,3,0.0,0.0,0.0,2.0,0.0,True,4,0.0,0.0,0.0,2.0,0.0,True,0.0,0.0,True,191.25201148772388,2072322093.6760478,1042252.6617326419
0.2085293528418911,2.9655468732664625,18.944312125732658,p01,0.0,0.0,12.118655788432786,9.288727841800746,0.85,0.0,True,27.576805902176297,13965999.705059702,p02,0.0,0.0,11.289904450846237,1.9093652478315193,0.85,0.0,True,1.0520602515551671,26644203664.53967,1,0.0,0.0,0.0,2.0,0.0,True,3,0.0,0.0,0.0,2.0,0.0,True,4,0.0,0.0,0.0,2.0,0.0,True,0.0,0.0,True,164.0796592633404,2708694888.1526346,706394.0467829091
0.4603969388889769,1.5731960162601084,43.63053865251939,p01,0.0,0.0,12.157242804304282,7.8429438457998515,0.85,0.0,True,29.38457812712806,13939119.521584848,p02,0.0,0.0,11.09852118729254,3.925620209346583,0.85,0.0,True,2.1630167353499674,1973157170.735171,1,0.0,0.0,0.0,2.0,0.0,True,3,0.0,0.0,0.0,2.0,0.0,True,4,0.0,0.0,0.0,2.0,0.0,True,0.0,0.0,True,213.63113536647677,2226204055.0627704,1215306.017846512
0.34003782618108225,1.222450980410489,28.397814537540594,p01,0.0,0.0,12.737812427627322,7.504045674998183,0.85,0.0,True,51.106088355277464,10363776.570575375,p02,0.0,0.0,11.342063152040259,4.984694664601148,0.85,0.0,True,2.7465667601952326,1688545642.2180843,1,0.0,0.0,0.0,2.0,0.0,True,3,0.0,0.0,0.0,2.0,0.0,True,4,0.0,0.0,0.0,2.0,0.0,True,0.0,0.0,True,187.62229160838638,2527305997.1306915,1007307.2515573443
0.3622647613934593,2.4771457268685246,13.307551024186733,p01,0.0,0.0,13.756486003070268,6.018902322152678,0.85,0.0,True,137.60587531236553,6391001.178447411,p02,0.0,0.0,11.193690687685226,2.7574118827637655,0.85,0.0,True,1.519333947402835,7088446965.047812,1,0.0,0.0,0.0,2.0,0.0,True,3,0.0,0.0,0.0,2.0,0.0,True,4,0.0,0.0,0.0,2.0,0.0,True,0.0,0.0,True,192.09202023105766,2082483706.7399044,1050014.066363986
0.3420708963395287,1.4586787379922481,16.257492716553095,p01,0.0,0.0,13.36421886091756,6.5938830897533265,0.85,0.0,True,93.9625490603306,7657917.614190133,p02,0.0,0.0,11.641702444714879,8.831822352233791,0.85,0.0,True,4.86633411608082,605224924.9412687,1,0.0,0.0,0.0,2.0,0.0,True,3,0.0,0.0,0.0,2.0,0.0,True,4,0.0,0.0,0.0,2.0,0.0,True,0.0,0.0,True,188.02503556325425,2380941664.255266,1011301.7419941324
0.21647853505580217,1.0709975205602131,47.01264915081041,p01,0.0,0.0,12.457724385820136,8.60000890206685,0.85,0.0,True,38.469962643710446,11743041.24772576,p02,0.0,0.0,11.026457827365514,5.34985747769401,0.85,0.0,True,2.9477714702094,660383973.7910428,1,0.0,0.0,0.0,2.0,0.0,True,3,0.0,0.0,0.0,2.0,0.0,True,4,0.0,0.0,0.0,2.0,0.0,True,0.0,0.0,True,165.36694258735452,3048358629.285818,727206.1932302502
0.02146603628116861,1.4486099322138772,29.083723375630264,p01,0.0,0.0,12.569467087144886,9.538950074825127,0.85,0.0,True,42.1078726425366,10911138.828638673,p02,0.0,0.0,10.919161748781473,2.1508269106760065,0.85,0.0,True,1.1851056277824796,7937992769.017579,1,0.0,0.0,0.0,2.0,0.0,True,3,0.0,0.0,0.0,2.0,0.0,True,4,0.0,0.0,0.0,2.0,0.0,True,0.0,0.0,True,138.40303895424873,18954139647.673244,89608.15721885083
0.5144151857946726,1.1868033827337179,50.15777745350042,p01,0.0,0.0,13.0382495066877,6.397827779132447,0.85,0.0,True,68.88570464914199,9358277.314722864,p02,0.0,0.0,11.015175072916925,4.133306493253377,0.85,0.0,True,2.2774518777826107,1395235690.3913565,1,0.0,0.0,0.0,2.0,0.0,True,3,0.0,0.0,0.0,2.0,0.0,True,4,0.0,0.0,0.0,2.0,0.0,True,0.0,0.0,True,226.79644649139237,2644453048.091372,1292037.1174428172
0.32783481267386605,2.15583589478785,12.001063752610266,p01,0.0,0.0,13.772477720850345,6.113625332614035,0.85,0.0,True,139.70404454367548,6270294.260512315,p02,0.0,0.0,11.379747779404498,4.015766261549436,0.85,0.0,True,2.212687210113739,3522149893.438127,1,0.0,0.0,0.0,2.0,0.0,True,3,0.0,0.0,0.0,2.0,0.0,True,4,0.0,0.0,0.0,2.0,0.0,True,0.0,0.0,True,185.23049563062378,2212122911.483047,982948.4738508195
0.31565316227600504,2.0311152946398097,37.17843604666609,p01,0.0,0.0,12.223677452556068,8.467115385142465,0.85,0.0,True,30.928579953179852,13304680.298054514,p02,0.0,0.0,10.770343716417795,0.8225132518382484,0.85,0.0,True,0.4532048017628749,100758186027.809,1,0.0,0.0,0.0,2.0,0.0,True,3,0.0,0.0,0.0,2.0,0.0,True,4,0.0,0.0,0.0,2.0,0.0,True,0.0,0.0,True,182.8863331620669,2268551506.43553,957964.4949335788
0.6874111033244125,2.365772465879113,53.00088515613991,p01,0.0,0.0,12.230116358843297,6.811130919113245,0.85,0.0,True,31.925636170403912,14039545.640537031,p02,0.0,0.0,11.014404702467893,4.015608189639515,0.85,0.0,True,2.212600112491373,1518854050.4897811,1,0.0,0.0,0.0,2.0,0.0,True,3,0.0,0.0,0.0,2.0,0.0,True,4,0.0,0.0,0.0,2.0,0.0,True,0.0,0.0,True,275.6816711270511,1964072312.1736815,1483558.2164112101
0.48554698403935137,2.465400822055027,26.813316547071686,p01,0.0,0.0,12.666767232402373,6.990112719889676,0.85,0.0,True,48.11664583545578,11023916.507897068,p02,0.0,0.0,11.228856039979043,3.0747313781204983,0.85,0.0,True,1.6941769893443948,5543701469.595217,1,0.0,0.0,0.0,2.0,0.0,True,3,0.0,0.0,0.0,2.0,0.0,True,4,0.0,0.0,0.0,2.0,0.0,True,0.0,0.0,True,219.64179444303198,1930942075.1343527,1252180.516161194
0.7399584439113654,2.299231436706087,28.53681467210637,p01,0.0,0.0,12.990717170379527,5.7715069129384595,0.85,0.0,True,65.86380079312731,10283872.741112232,p02,0.0,0.0,11.21114498444208,1.9152520879589943,0.85,0.0,True,1.055303900465406,22020769252.167114,1,0.0,0.0,0.0,2.0,0.0,True,3,0.0,0.0,0.0,2.0,0.0,True,4,0.0,0.0,0.0,2.0,0.0,True,0.0,0.0,True,292.68094849790583,2025974583.0619292,1528249.6043094462
0.4781076015917016,1.9963265602562468,28.798377655113963,p01,0.0,0.0,12.367480663466639,7.445699199120492,0.85,0.0,True,36.039757645160016,12657845.38292317,p02,0.0,0.0,11.271543251580296,3.018238420021504,0.85,0.0,True,1.663049369431849,6466182494.081767,1,0.0,0.0,0.0,2.0,0.0,True,3,0.0,0.0,0.0,2.0,0.0,True,4,0.0,0.0,0.0,2.0,0.0,True,0.0,0.0,True,217.84243970143615,2045769851.0461757,1241487.1214707666
0.9102415112034785,1.3578745058982777,143.60236014492932,p01,0.0,0.0,12.115913165306422,6.237800076296973,0.85,0.0,True,28.78051042788305,15603705.111247694,p02,0.0,0.0,10.684280044140927,2.026500139136034,0.85,0.0,True,1.116601576663955,5525931099.000064,1,0.0,0.0,0.0,2.0,0.0,True,3,0.0,0.0,0.0,2.0,0.0,True,4,0.0,0.0,0.0,2.0,0.0,True,0.0,0.0,True,355.2044843745428,4038523007.8490367,1640035.1977623545
0.44317739537957396,1.2666244830259026,21.875041216608864,p01,0.0,0.0,13.00242653126716,6.69876833657377,0.85,0.0,True,66.40963560452423,9333500.309224132,p02,0.0,0.0,11.67808390140014,8.39640744317131,0.85,0.0,True,4.626420501187392,765894095.8597506,1,0.0,0.0,0.0,2.0,0.0,True,3,0.0,0.0,0.0,2.0,0.0,True,4,0.0,0.0,0.0,2.0,0.0,True,0.0,0.0,True,209.63337785774473,2454225396.84239,1188843.3333970997
0.5295270061877438,1.1131292195121332,28.23039211101687,p01,0.0,0.0,12.957089757528902,6.447487271925662,0.85,0.0,True,63.733300733484214,9752533.304081157,p02,0.0,0.0,11.444021866886235,3.7039221674338925,0.85,0.0,True,2.040861114256075,5204771236.434273,1,0.0,0.0,0.0,2.0,0.0,True,3,0.0,0.0,0.0,2.0,0.0,True,4,0.0,0.0,0.0,2.0,0.0,True,0.0,0.0,True,230.65226848740232,2823651272.5335827,1311899.2823101333
0.8899152077060102,3.5736443908915723,20.426322986575965,p01,0.0,0.0,13.035246748124733,5.364492782973796,0.85,0.0,True,68.39525383831656,10705831.016519742,p02,0.0,0.0,11.45724323385981,1.182611313086475,0.85,0.0,True,0.6516188335106478,164847544046.8347,1,0.0,0.0,0.0,2.0,0.0,True,3,0.0,0.0,0.0,2.0,0.0,True,4,0.0,0.0,0.0,2.0,0.0,True,0.0,0.0,True,347.12117154484577,1806301473.2730715,1629009.1800626265
0.09957041294670799,0.896075347667773,17.63368277594118,p01,0.0,0.0,12.12364636665115,9.995257136131578,0.85,0.0,True,27.328252668954104,13929567.94257608,p02,0.0,0.0,11.114657316415741,1.0780613955472533,0.85,0.0,True,0.5940118289465366,98876291154.92332,1,0.0,0.0,0.0,2.0,0.0,True,3,0.0,0.0,0.0,2.0,0.0,True,4,0.0,0.0,0.0,2.0,0.0,True,0.0,0.0,True,148.0834035154355,5060916215.339082,379814.2605591359
0.3236199335269393,2.591078944459686,32.44909378655224,p01,0.0,0.0,12.42543191498217,8.08190436334385,0.85,0.0,True,37.66739167442993,12050355.098062351,p02,0.0,0.0,11.246972459399728,6.525251717017638,0.85,0.0,True,3.5954136960767187,604708378.0599087,1,0.0,0.0,0.0,2.0,0.0,True,3,0.0,0.0,0.0,2.0,0.0,True,4,0.0,0.0,0.0,2.0,0.0,True,0.0,0.0,True,184.41451893540673,2163305623.9520855,974380.3998650516
1.4617969197398937,2.055914772394521,51.26080558857953,p01,0.0,0.0,13.30641982911823,4.276646356983093,0.85,0.0,True,83.48454002975626,12989786.652584685,p02,0.0,0.0,11.806726210845902,7.588589845009877,0.85,0.0,True,4.181313004600443,1395109528.6646667,1,0.0,0.0,0.0,2.0,0.0,True,3,0.0,0.0,0.0,2.0,0.0,True,4,0.0,0.0,0.0,2.0,0.0,True,0.0,0.0,True,647.0673053697786,4981109895.20875,1784348.6319541838
0.385056297300093,2.0773260941255023,20.209576289849597,p01,0.0,0.0,12.328785268598732,7.933515752987827,0.85,0.0,True,34.47587792929289,12722207.16903094,p02,0.0,0.0,11.585149189194349,4.91785563007494,0.85,0.0,True,2.709738452171292,3077423021.4808273,1,0.0,0.0,0.0,2.0,0.0,True,3,0.0,0.0,0.0,2.0,0.0,True,4,0.0,0.0,0.0,2.0,0.0,True,0.0,0.0,True,196.82926920647768,2110283925.2001047,1091672.2617663469
0.34170344498765626,1.352695317622696,12.12743129395239,p01,0.0,0.0,13.30698144140815,6.672907109485509,0.85,0.0,True,88.87661509372553,7870769.34552149,p02,0.0,0.0,11.842913663235205,5.701177068744483,0.85,0.0,True,3.1413485648782107,3575900363.1967797,1,0.0,0.0,0.0,2.0,0.0,True,3,0.0,0.0,0.0,2.0,0.0,True,4,0.0,0.0,0.0,2.0,0.0,True,0.0,0.0,True,187.9521543372851,2437592902.8375616,1010581.1236365299
0.11940595347908367,0.45994502709105634,38.358112921796035,p01,0.0,0.0,12.806174048228954,8.504380552515848,0.85,0.0,True,53.63893581624548,9727792.267694844,p02,0.0,0.0,11.394822691498252,8.627113131544114,0.85,0.0,True,4.7535393354808075,367782911.92820466,1,0.0,0.0,0.0,2.0,0.0,True,3,0.0,0.0,0.0,2.0,0.0,True,4,0.0,0.0,0.0,2.0,0.0,True,0.0,0.0,True,150.77298548814625,5193050429.379059,445482.2357151408
0.6900952058310575,2.5836443232253985,24.574340477050637,p01,0.0,0.0,13.559967755285387,5.3167205062875205,0.85,0.0,True,113.35337674454456,7922443.229134637,p02,0.0,0.0,10.762015851121568,1.6199582249645625,0.85,0.0,True,0.892596981955474,12938077269.972343,1,0.0,0.0,0.0,2.0,0.0,True,3,0.0,0.0,0.0,2.0,0.0,True,4,0.0,0.0,0.0,2.0,0.0,True,0.0,0.0,True,276.5248415259233,1902210046.2635007,1485975.4793300729
0.621717545297968,2.419515969724112,85.16181550608826,p01,0.0,0.0,11.892617556291139,7.517253716607049,0.85,0.0,True,23.055122200660858,16105206.514667986,p02,0.0,0.0,10.334044837791524,0.6935731811298163,0.85,0.0,True,0.3821588228025288,61536571790.240616,1,0.0,0.0,0.0,2.0,0.0,True,3,0.0,0.0,0.0,2.0,0.0,True,4,0.0,0.0,0.0,2.0,0.0,True,0.0,0.0,True,255.8695505994901,1921022925.4380844,1419505.9001991216
0.01702550619190435,2.012804442971782,22.690190989240467,p01,0.0,0.0,12.087265072013551,10.647447563393166,0.85,0.0,True,26.118761613807383,14173298.747392442,p02,0.0,0.0,10.985512800344898,2.0815839577156736,0.85,0.0,True,1.1469527607013363,10202258863.596098,1,0.0,0.0,0.0,2.0,0.0,True,3,0.0,0.0,0.0,2.0,0.0,True,4,0.0,0.0,0.0,2.0,0.0,True,0.0,0.0,True,137.89490623979083,23594925064.694138,71446.95230274432
0.4576534818514655,1.6046434364195283,68.02282080894719,p01,0.0,0.0,12.459562612027634,7.3992925900357704,0.85,0.0,True,39.33703549178429,12080084.359337535,p02,0.0,0.0,10.429031495303828,1.0546100090940436,0.85,0.0,True,0.5810901150108181,21783174169.6349,1,0.0,0.0,0.0,2.0,0.0,True,3,0.0,0.0,0.0,2.0,0.0,True,4,0.0,0.0,0.0,2.0,0.0,True,0.0,0.0,True,212.98784403466672,2209402595.6010547,1211157.4334110962
0.7184687697259298,2.8793870950999243,10.972758084016926,p01,0.0,0.0,13.411709261148292,5.395605287427884,0.85,0.0,True,98.32956017361747,8537684.996163413,p02,0.0,0.0,12.007791648897637,6.882439019500036,0.85,0.0,True,3.79222389974452,2971186189.1076903,1,0.0,0.0,0.0,2.0,0.0,True,3,0.0,0.0,0.0,2.0,0.0,True,4,0.0,0.0,0.0,2.0,0.0,True,0.0,0.0,True,285.6028512601698,1846113087.5185091,1510630.3699520882
0.0970009498010011,2.303493330534918,21.955407575288948,p01,0.0,0.0,12.26181909589003,9.71575281960013,0.85,0.0,True,31.304579440313432,12941883.069224294,p02,0.0,0.0,10.97831989214588,1.6306308202206297,0.85,0.0,True,0.898477581941567,20874606019.52939,1,0.0,0.0,0.0,2.0,0.0,True,3,0.0,0.0,0.0,2.0,0.0,True,4,0.0,0.0,0.0,2.0,0.0,True,0.0,0.0,True,147.74200859895785,4822467536.348345,371085.4521307247
0.5195893425912909,1.7543015665000956,22.21373235074602,p01,0.0,0.0,13.575636897729192,5.746599175914235,0.85,0.0,True,115.53953201342841,7347047.450700738,p02,0.0,0.0,11.069400126032866,3.1861078192619656,0.85,0.0,True,1.7555454084133433,3451310683.8099947,1,0.0,0.0,0.0,2.0,0.0,True,3,0.0,0.0,0.0,2.0,0.0,True,4,0.0,0.0,0.0,2.0,0.0,True,0.0,0.0,True,228.10803100487425,2135927805.2411528,1298913.3988035864
0.1607200320134053,1.8444275617101833,17.151164104930682,p01,0.0,0.0,12.382429508776845,9.06780442941483,0.85,0.0,True,35.51456021108888,12168899.43045588,p02,0.0,0.0,11.357662205697709,2.65754874744758,0.85,0.0,True,1.4643093598436168,11550048879.981028,1,0.0,0.0,0.0,2.0,0.0,True,3,0.0,0.0,0.0,2.0,0.0,True,4,0.0,0.0,0.0,2.0,0.0,True,0.0,0.0,True,156.6884262249037,3339442911.102946,573020.3860396153
0.14614094470521327,0.8681427625652833,41.36093360697082,p01,0.0,0.0,11.858222057852894,10.250640231406992,0.85,0.0,True,21.180456324462366,16013568.576398585,p02,0.0,0.0,10.566577649252396,0.986119292401435,0.85,0.0,True,0.5433517301131907,36572497434.900505,1,0.0,0.0,0.0,2.0,0.0,True,3,0.0,0.0,0.0,2.0,0.0,True,4,0.0,0.0,0.0,2.0,0.0,True,0.0,0.0,True,154.5519267609987,3930853319.169409,529383.2892944603
0.7368818554202076,3.163535159716024,16.356986164765264,p01,0.0,0.0,13.572479133501277,5.197116158871202,0.85,0.0,True,114.48021872354364,8044583.571566042,p02,0.0,0.0,11.39130754934845,5.312635080096685,0.85,0.0,True,2.9272619291332735,1562222640.3024173,1,0.0,0.0,0.0,2.0,0.0,True,3,0.0,0.0,0.0,2.0,0.0,True,4,0.0,0.0,0.0,2.0,0.0,True,0.0,0.0,True,291.65680023074873,1800423783.5814476,1525781.1170401783
0.4436259309983235,1.8317983073661703,16.9606397854273,p01,0.0,0.0,13.223819406478425,6.408673236609508,0.85,0.0,True,82.25337588656538,8417981.157697307,p02,0.0,0.0,11.554988897163618,4.095298094079539,0.85,0.0,True,2.2565092498378263,4971617115.535042,1,0.0,0.0,0.0,2.0,0.0,True,3,0.0,0.0,0.0,2.0,0.0,True,4,0.0,0.0,0.0,2.0,0.0,True,0.0,0.0,True,209.73631098289962,2116941891.0327356,1189545.5526061303
0.04990254546836281,1.4504266457788957,15.043354898446328,p01,0.0,0.0,12.919564735153205,8.673189420330768,0.85,0.0,True,59.639092101084756,9083110.106187675,p02,0.0,0.0,11.362115139923176,3.8934711169823983,0.85,0.0,True,2.145302585457302,3710817560.211397,1,0.0,0.0,0.0,2.0,0.0,True,3,0.0,0.0,0.0,2.0,0.0,True,4,0.0,0.0,0.0,2.0,0.0,True,0.0,0.0,True,141.7630612447844,8672986968.950283,201478.8419089414
0.09373805532117047,0.9928630408333472,49.455564701278114,p01,0.0,0.0,12.03904204291453,10.222166461687609,0.85,0.0,True,25.122963695269917,14573578.752782684,p02,0.0,0.0,10.109834027160126,0.17021562165065005,0.85,0.0,True,0.09378880752950819,2484283280536.355,1,0.0,0.0,0.0,2.0,0.0,True,3,0.0,0.0,0.0,2.0,0.0,True,4,0.0,0.0,0.0,2.0,0.0,True,0.0,0.0,True,147.31077910558787,5235827288.013837,359925.8232410703
0.9013053048644977,2.658901172559472,47.5358689257233,p01,0.0,0.0,12.343578548643698,6.020614208743657,0.85,0.0,True,35.65529667001169,14194398.012119323,p02,0.0,0.0,11.128306080711322,3.738049638895421,0.85,0.0,True,2.059665351031377,2447576208.98126,1,0.0,0.0,0.0,2.0,0.0,True,3,0.0,0.0,0.0,2.0,0.0,True,4,0.0,0.0,0.0,2.0,0.0,True,0.0,0.0,True,351.6294491501268,2043937112.2425945,1635257.1716868845
0.4507869165877136,2.0960502272943335,70.09016085655253,p01,0.0,0.0,11.87142379487678,8.348770053816606,0.85,0.0,True,22.278040545472855,15952260.942583984,p02,0.0,0.0,10.509597111352385,1.3454354498182197,0.85,0.0,True,0.7413349328498391,12629142025.727396,1,0.0,0.0,0.0,2.0,0.0,True,3,0.0,0.0,0.0,2.0,0.0,True,4,0.0,0.0,0.0,2.0,0.0,True,0.0,0.0,True,211.38834301861277,2033369970.0924351,1200662.4363876798
0.495763864716479,2.4833910490459936,20.607275550413178,p01,0.0,0.0,12.362721663943068,7.376768624626463,0.85,0.0,True,35.91512218949967,12724074.641766068,p02,0.0,0.0,11.492113180607994,2.7578616278020895,0.85,0.0,True,1.5195817569189514,14085137762.752224,1,0.0,0.0,0.0,2.0,0.0,True,3,0.0,0.0,0.0,2.0,0.0,True,4,0.0,0.0,0.0,2.0,0.0,True,0.0,0.0,True,222.14247585972723,1921795850.4902623,1266580.5292400883
0.4916797099916569,2.4147608055378464,43.159839034438775,p01,0.0,0.0,12.452500824011402,7.265097837864531,0.85,0.0,True,39.1509230842591,12194120.699130878,p02,0.0,0.0,10.942114280571719,3.369516994905621,0.85,0.0,True,1.8566038641929974,2176590163.3540163,1,0.0,0.0,0.0,2.0,0.0,True,3,0.0,0.0,0.0,2.0,0.0,True,4,0.0,0.0,0.0,2.0,0.0,True,0.0,0.0,True,221.13872552250223,1936957842.9614234,1260863.4797924915
0.21139067188427813,2.4599751110998933,18.898962625619816,p01,0.0,0.0,13.280265233965487,7.249938306083717,0.85,0.0,True,86.03675215594785,7738514.067194957,p02,0.0,0.0,11.11639928468829,2.540368011484088,0.85,0.0,True,1.3997427743277324,7587080875.039759,1,0.0,0.0,0.0,2.0,0.0,True,3,0.0,0.0,0.0,2.0,0.0,True,4,0.0,0.0,0.0,2.0,0.0,True,0.0,0.0,True,164.5410749325381,2725261036.5850205,713928.3640823745
0.2084607294723807,1.3267663251633979,8.337326344205474,p01,0.0,0.0,14.026528140855078,6.200945982843051,0.85,0.0,True,178.65539521597958,5330921.555533442,p02,0.0,0.0,11.623069292355684,3.371456137859147,0.85,0.0,True,1.85767233196039,10422744353.110758,1,0.0,0.0,0.0,2.0,0.0,True,3,0.0,0.0,0.0,2.0,0.0,True,4,0.0,0.0,0.0,2.0,0.0,True,0.0,0.0,True,164.06861986003042,2970127654.9418125,706212.7531759675
0.7247139164469645,2.5015949153350707,58.37609069839526,p01,0.0,0.0,12.524877523139642,6.3304795292828215,0.85,0.0,True,42.3037011172089,12476917.032573534,p02,0.0,0.0,11.093659751012673,7.35851396555171,0.85,0.0,True,4.0545411950189925,296247525.01730347,1,0.0,0.0,0.0,2.0,0.0,True,3,0.0,0.0,0.0,2.0,0.0,True,4,0.0,0.0,0.0,2.0,0.0,True,0.0,0.0,True,287.64170972352116,1943736560.6860712,1515842.1943507812
0.36459615422707176,1.7277837152720545,60.87277400855483,p01,0.0,0.0,12.129251333186929,8.36700970074878,0.85,0.0,True,28.355129858517156,13990167.722958839,p02,0.0,0.0,10.595050399317044,1.8252757962513289,0.85,0.0,True,1.0057269637344823,6157866219.31239,1,0.0,0.0,0.0,2.0,0.0,True,3,0.0,0.0,0.0,2.0,0.0,True,4,0.0,0.0,0.0,2.0,0.0,True,0.0,0.0,True,192.56940148595507,2236233791.137618,1054372.7317747283
0.7943158708410143,2.499201634575615,39.12014805930783,p01,0.0,0.0,12.52566888736903,6.121801641806782,0.85,0.0,True,42.35528416339815,12734869.621659698,p02,0.0,0.0,11.15498293653629,3.7711156793600344,0.85,0.0,True,2.077884739327379,2534770871.23038,1,0.0,0.0,0.0,2.0,0.0,True,3,0.0,0.0,0.0,2.0,0.0,True,4,0.0,0.0,0.0,2.0,0.0,True,0.0,0.0,True,311.3799090948549,1997141339.7908356,1569034.1763453335
0.5999737812693863,1.598704684897787,16.309294495015333,p01,0.0,0.0,13.290179406876838,5.833717447063424,0.85,0.0,True,87.78582540271405,8592171.523590326,p02,0.0,0.0,11.912484205994678,11.186619577469791,0.85,0.0,True,6.163827387185855,555588097.4694844,1,0.0,0.0,0.0,2.0,0.0,True,3,0.0,0.0,0.0,2.0,0.0,True,4,0.0,0.0,0.0,2.0,0.0,True,0.0,0.0,True,249.65466697628523,2291084206.5915594,1396104.0117796636
0.5749064194088339,2.2283323634965435,15.424715802149944,p01,0.0,0.0,13.228410360014783,5.976814216856562,0.85,0.0,True,82.74790610508826,8753664.557360433,p02,0.0,0.0,11.69308254615051,4.115708577636912,0.85,0.0,True,2.267755426277939,6731533840.576597,1,0.0,0.0,0.0,2.0,0.0,True,3,0.0,0.0,0.0,2.0,0.0,True,4,0.0,0.0,0.0,2.0,0.0,True,0.0,0.0,True,242.69647888624823,1965240914.21719,1367657.8866910816
0.48480567874902775,1.8299684586138931,84.55357409063365,p01,0.0,0.0,11.926407075240125,8.088467362005828,0.85,0.0,True,23.566376568040866,15587668.823445015,p02,0.0,0.0,10.27688810565726,0.6446207041502181,0.85,0.0,True,0.3551860079867702,67195577396.13821,1,0.0,0.0,0.0,2.0,0.0,True,3,0.0,0.0,0.0,2.0,0.0,True,4,0.0,0.0,0.0,2.0,0.0,True,0.0,0.0,True,219.46168480097467,2101848565.1188643,1251122.8887407607
0.4095509598105449,1.9630778868456475,31.242603394487965,p01,0.0,0.0,13.038742843159351,6.777585621804668,0.85,0.0,True,68.69524025282526,9099071.311826132,p02,0.0,0.0,11.141523406149389,6.016036934893249,0.85,0.0,True,3.3148363511261802,605281303.9294789,1,0.0,0.0,0.0,2.0,0.0,True,3,0.0,0.0,0.0,2.0,0.0,True,4,0.0,0.0,0.0,2.0,0.0,True,0.0,0.0,True,202.09729594846604,2105640955.5586154,1134156.522262413
0.4585758186415967,2.234918447578634,24.906654211878895,p01,0.0,0.0,13.108292925813002,6.503830013544245,0.85,0.0,True,73.59657277644068,8920139.801755363,p02,0.0,0.0,11.177106892664936,3.3690729229494076,0.85,0.0,True,1.8563591805451238,3740597625.4865017,1,0.0,0.0,0.0,2.0,0.0,True,3,0.0,0.0,0.0,2.0,0.0,True,4,0.0,0.0,0.0,2.0,0.0,True,0.0,0.0,True,213.20384550595338,1995032677.8971112,1212554.9907851317
0.21082712167947337,1.8332498133819766,11.371941480492477,p01,0.0,0.0,13.235026721097741,7.3222245168928906,0.85,0.0,True,82.30584353345611,7915567.677027114,p02,0.0,0.0,11.629580384463747,3.3555972814870145,0.85,0.0,True,1.848934102099345,10730901733.318998,1,0.0,0.0,0.0,2.0,0.0,True,3,0.0,0.0,0.0,2.0,0.0,True,4,0.0,0.0,0.0,2.0,0.0,True,0.0,0.0,True,164.45002432993505,2813896259.851322,712448.2833646822
0.14807267744819358,2.5203296949078595,10.986591143302352,p01,0.0,0.0,13.401770188246347,7.343881840551803,0.85,0.0,True,96.56302844032334,7182639.0120634725,p02,0.0,0.0,11.526757113913527,3.545132280643847,0.85,0.0,True,1.95336788663476,7181664532.28613,1,0.0,0.0,0.0,2.0,0.0,True,3,0.0,0.0,0.0,2.0,0.0,True,4,0.0,0.0,0.0,2.0,0.0,True,0.0,0.0,True,154.83191428271587,3459576930.8527207,535248.9562621231
0.11380770695261017,2.9078223295296186,40.15593495528034,p01,0.0,0.0,11.927623971146906,10.328500764568298,0.85,0.0,True,22.57292170194676,15457088.802946279,p02,0.0,0.0,10.350683084406528,0.4838182859370647,0.85,0.0,True,0.2665838755513227,188365595945.63882,1,0.0,0.0,0.0,2.0,0.0,True,3,0.0,0.0,0.0,2.0,0.0,True,4,0.0,0.0,0.0,2.0,0.0,True,0.0,0.0,True,150.00414312499316,4201472918.7831635,427251.8365726443
0.5431873255700563,3.1904302019188457,6.727871772938439,p01,0.0,0.0,14.122735469347893,5.109430255975227,0.85,0.0,True,195.3965150045882,5814234.592327696,p02,0.0,0.0,11.595381818442311,4.551673133425598,0.85,0.0,True,2.5079718965175046,3974055730.639167,1,0.0,0.0,0.0,2.0,0.0,True,3,0.0,0.0,0.0,2.0,0.0,True,4,0.0,0.0,0.0,2.0,0.0,True,0.0,0.0,True,234.20393279663713,1798220498.8069212,1329284.951281206
1.0495785846117092,4.075839294151331,60.07887027820012,p01,0.0,0.0,12.150410606419992,5.83901054162987,0.85,0.0,True,29.698311000994085,16074720.073278053,p02,0.0,0.0,10.971406380720618,3.7388629537247127,0.85,0.0,True,2.060113487502317,1704327596.0930846,1,0.0,0.0,0.0,2.0,0.0,True,3,0.0,0.0,0.0,2.0,0.0,True,4,0.0,0.0,0.0,2.0,0.0,True,0.0,0.0,True,415.3939693165071,1833867937.785789,1701802.9260930924
0.19464254366051836,2.3589377106441956,23.88800262822749,p01,0.0,0.0,12.890710122283563,7.957119419370957,0.85,0.0,True,58.671117930597084,9396779.21225918,p02,0.0,0.0,11.320240544422273,6.930526904982909,0.85,0.0,True,3.8187203246455828,597457638.5558996,1,0.0,0.0,0.0,2.0,0.0,True,3,0.0,0.0,0.0,2.0,0.0,True,4,0.0,0.0,0.0,2.0,0.0,True,0.0,0.0,True,161.87114199506775,2880586879.409782,669129.2593809019
0.19794836821294215,0.8156273809862766,78.38777902758054,p01,0.0,0.0,11.971556564938174,9.652394914181105,0.85,0.0,True,23.843372012640565,15067869.776215613,p02,0.0,0.0,10.404155646135045,1.7391039575035707,0.85,0.0,True,0.9582462805844676,4587164885.416525,1,0.0,0.0,0.0,2.0,0.0,True,3,0.0,0.0,0.0,2.0,0.0,True,4,0.0,0.0,0.0,2.0,0.0,True,0.0,0.0,True,162.39226566436264,3417791085.3518124,678106.5448468815
0.403265067757799,2.0583658090179995,12.705045166065986,p01,0.0,0.0,13.099598857666935,6.719155504312621,0.85,0.0,True,72.84739728182387,8827043.359403081,p02,0.0,0.0,11.995572352056914,12.474246996162952,0.85,0.0,True,6.873310094885787,485170816.8068625,1,0.0,0.0,0.0,2.0,0.0,True,3,0.0,0.0,0.0,2.0,0.0,True,4,0.0,0.0,0.0,2.0,0.0,True,0.0,0.0,True,200.72775783770814,2089219374.622263,1123473.2879297563
0.06700630910138844,2.257730548775258,15.862931124716892,p01,0.0,0.0,12.233055660923988,9.976863989997693,0.85,0.0,True,30.321452451618413,13133388.857354907,p02,0.0,0.0,11.288711196994578,2.9599171774326316,0.85,0.0,True,1.63091436476538,7132435531.755158,1,0.0,0.0,0.0,2.0,0.0,True,3,0.0,0.0,0.0,2.0,0.0,True,4,0.0,0.0,0.0,2.0,0.0,True,0.0,0.0,True,143.87377470470364,6597444478.673143,265240.0681766339
0.6496874585244208,2.7787812144119353,114.78945968743744,p01,0.0,0.0,11.803337352996323,7.526246476686454,0.85,0.0,True,21.20823738957018,16832692.808726948,p02,0.0,0.0,10.023616000325594,0.25708721633152704,0.85,0.0,True,0.14165505619867141,591207438669.3678,1,0.0,0.0,0.0,2.0,0.0,True,3,0.0,0.0,0.0,2.0,0.0,True,4,0.0,0.0,0.0,2.0,0.0,True,0.0,0.0,True,264.1127186316646,1845880639.8320272,1447957.4459742475
0.28545480862263617,0.660763260542597,29.166741629511886,p01,0.0,0.0,13.464347848972613,6.673784777155928,0.85,0.0,True,103.3688751404118,7186869.444510443,p02,0.0,0.0,11.325259972857873,4.07324862766389,0.85,0.0,True,2.244359993842804,2977162557.042672,1,0.0,0.0,0.0,2.0,0.0,True,3,0.0,0.0,0.0,2.0,0.0,True,4,0.0,0.0,0.0,2.0,0.0,True,0.0,0.0,True,177.25976786593046,3538954655.660692,893028.7573406008
1.043256358143486,4.041317969362584,8.93495496269543,p01,0.0,0.0,13.827498419145067,4.4338726913387365,0.85,0.0,True,142.06764042129026,8511782.383945258,p02,0.0,0.0,12.147452412400886,23.74090575946178,0.85,0.0,True,13.081239073463442,99844902.05123302,1,0.0,0.0,0.0,2.0,0.0,True,3,0.0,0.0,0.0,2.0,0.0,True,4,0.0,0.0,0.0,2.0,0.0,True,0.0,0.0,True,412.47759892967406,1834551448.2884033,1699473.1793133854
0.5535358689255698,2.040230259386019,6.391260551564195,p01,0.0,0.0,14.241111583230275,4.970348377070776,0.85,0.0,True,218.81884583541554,5546547.7607852,p02,0.0,0.0,11.74986673176107,2.760762178702994,0.85,0.0,True,1.5211799604653498,25418216637.551098,1,0.0,0.0,0.0,2.0,0.0,True,3,0.0,0.0,0.0,2.0,0.0,True,4,0.0,0.0,0.0,2.0,0.0,True,0.0,0.0,True,236.93674279878405,2022877933.7157652,1342105.933641843
0.7936316387904954,2.591667729128465,30.82746561362397,p01,0.0,0.0,12.610457108970849,6.031272183836969,0.85,0.0,True,45.8964974573361,12288860.383655533,p02,0.0,0.0,11.304790483542567,3.312637769688374,0.85,0.0,True,1.8252634110982942,5280000587.925114,1,0.0,0.0,0.0,2.0,0.0,True,3,0.0,0.0,0.0,2.0,0.0,True,4,0.0,0.0,0.0,2.0,0.0,True,0.0,0.0,True,311.13734897154023,1965042169.554961,1568552.835906756
0.06768606683928774,0.7787577093074416,27.620841540883877,p01,0.0,0.0,12.120767312039732,10.221285431717194,0.85,0.0,True,27.14219059276922,13950507.795396939,p02,0.0,0.0,10.9231671828898,2.2118857005795705,0.85,0.0,True,1.2187490210193435,7366216431.248922,1,0.0,0.0,0.0,2.0,0.0,True,3,0.0,0.0,0.0,2.0,0.0,True,4,0.0,0.0,0.0,2.0,0.0,True,0.0,0.0,True,143.95907461944887,6925459145.858363,267721.69322988694
0.9503218402099598,2.668206379690467,51.25378684162181,p01,0.0,0.0,11.974665912435102,6.2764081721041105,0.85,0.0,True,25.209719898863334,16702938.378663698,p02,0.0,0.0,10.962799556280329,0.9858189775434614,0.85,0.0,True,0.5431862566264473,91153504123.97392,1,0.0,0.0,0.0,2.0,0.0,True,3,0.0,0.0,0.0,2.0,0.0,True,4,0.0,0.0,0.0,2.0,0.0,True,0.0,0.0,True,371.6547180967071,2097187500.909863,1660176.7865016994
0.205671788382785,1.320190322259686,70.88456373421863,p01,0.0,0.0,11.973440508335981,9.59763058269395,0.85,0.0,True,23.91197749168428,15051639.250964321,p02,0.0,0.0,10.250034605903988,0.9551791435858735,0.85,0.0,True,0.5263037081158164,19415360010.550327,1,0.0,0.0,0.0,2.0,0.0,True,3,0.0,0.0,0.0,2.0,0.0,True,4,0.0,0.0,0.0,2.0,0.0,True,0.0,0.0,True,163.6210245056395,2994177482.3515973,698820.971113226
0.2581667100509314,1.5854970234401256,19.438604263459847,p01,0.0,0.0,13.249479721904919,7.0929871088441345,0.85,0.0,True,83.70921558160879,7935795.391485322,p02,0.0,0.0,11.39130589971948,6.771270407681883,0.85,0.0,True,3.730969994632718,754502637.5574666,1,0.0,0.0,0.0,2.0,0.0,True,3,0.0,0.0,0.0,2.0,0.0,True,4,0.0,0.0,0.0,2.0,0.0,True,0.0,0.0,True,172.39772547300382,2586170357.950418,830469.4972769687
0.9051580372556454,2.030417761586018,19.23113223388465,p01,0.0,0.0,13.054250050043487,5.313755298282501,0.85,0.0,True,69.58252663154153,10693395.611726152,p02,0.0,0.0,11.79144197223038,2.813167415902275,0.85,0.0,True,1.5500552461621535,26437511396.046516,1,0.0,0.0,0.0,2.0,0.0,True,3,0.0,0.0,0.0,2.0,0.0,True,4,0.0,0.0,0.0,2.0,0.0,True,0.0,0.0,True,353.16666948319124,2425782009.9922237,1637330.3836623272
0.35068874865009303,1.9348515320378976,17.613676764294958,p01,0.0,0.0,12.932592131143933,7.165431808173161,0.85,0.0,True,61.79744848344928,9447685.28663424,p02,0.0,0.0,11.470819867253857,3.370496543472044,0.85,0.0,True,1.8571435954530964,7346890110.944463,1,0.0,0.0,0.0,2.0,0.0,True,3,0.0,0.0,0.0,2.0,0.0,True,4,0.0,0.0,0.0,2.0,0.0,True,0.0,0.0,True,189.7457925217684,2203670887.9434953,1028034.9392233961
0.7108893489236595,1.559857549034471,62.32996860954333,p01,0.0,0.0,12.160080177540454,6.816467842223577,0.85,0.0,True,29.890625330402813,14551643.85601325,p02,0.0,0.0,10.912840831301377,1.4937769933195233,0.85,0.0,True,0.8230711233190574,23353332755.90326,1,0.0,0.0,0.0,2.0,0.0,True,3,0.0,0.0,0.0,2.0,0.0,True,4,0.0,0.0,0.0,2.0,0.0,True,0.0,0.0,True,283.14822017209235,2523009030.193344,1504202.3825595472
0.10544740836750849,3.2279023655078998,34.92649086282097,p01,0.0,0.0,12.19128802189789,9.809713793782405,0.85,0.0,True,29.233216557365935,13437515.978717022,p02,0.0,0.0,10.728818017243217,1.9884562746439296,0.85,0.0,True,1.0956394073288054,6480898441.654739,1,0.0,0.0,0.0,2.0,0.0,True,3,0.0,0.0,0.0,2.0,0.0,True,4,0.0,0.0,0.0,2.0,0.0,True,0.0,0.0,True,148.87027609728656,4451660039.774005,399585.19240615086
0.3737976336087676,0.49541303808957493,43.6604070701665,p01,0.0,0.0,13.419622540615926,6.404092501159707,0.85,0.0,True,99.25142681709292,7524303.064057978,p02,0.0,0.0,11.248927020386981,0.9537111970597378,0.85,0.0,True,0.5254948695799155,194554692887.6438,1,0.0,0.0,0.0,2.0,0.0,True,3,0.0,0.0,0.0,2.0,0.0,True,4,0.0,0.0,0.0,2.0,0.0,True,0.0,0.0,True,194.46949474867225,6971783930.848861,1071356.9776796715
0.13699761869358118,1.0006766553941655,14.081301236848953,p01,0.0,0.0,12.535979672642766,8.91281023037917,0.85,0.0,True,41.190439593880576,11219083.971345287,p02,0.0,0.0,11.43148158011155,2.177517600678242,0.85,0.0,True,1.1998121979737115,24886389442.033844,1,0.0,0.0,0.0,2.0,0.0,True,3,0.0,0.0,0.0,2.0,0.0,True,4,0.0,0.0,0.0,2.0,0.0,True,0.0,0.0,True,153.23944012398945,3993353746.726214,501265.6594634918
0.47645646260948515,1.8523178435158227,18.450285349608365,p01,0.0,0.0,13.257917251970142,6.253644320131014,0.85,0.0,True,85.06237803824833,8367251.205824843,p02,0.0,0.0,11.418958933351352,2.925082692671695,0.85,0.0,True,1.611720563662104,9974929247.104874,1,0.0,0.0,0.0,2.0,0.0,True,3,0.0,0.0,0.0,2.0,0.0,True,4,0.0,0.0,0.0,2.0,0.0,True,0.0,0.0,True,217.44552761572203,2095183179.7001393,1239089.6608874076
0.8726004288502376,3.3428194887178213,35.62501307072606,p01,0.0,0.0,12.573525637888403,5.85797211429116,0.85,0.0,True,44.290691300937894,12810222.71910021,p02,0.0,0.0,11.091782744460993,1.1307788810909984,0.85,0.0,True,0.6230591634811402,81285861529.28294,1,0.0,0.0,0.0,2.0,0.0,True,3,0.0,0.0,0.0,2.0,0.0,True,4,0.0,0.0,0.0,2.0,0.0,True,0.0,0.0,True,340.3712229369954,1836161860.1349742,1619163.7820842275
0.3939719470678965,1.9908664411743804,35.740496854738,p01,0.0,0.0,12.236126969206602,8.038975255496808,0.85,0.0,True,31.538427927590156,13318774.89591404,p02,0.0,0.0,11.116205432303651,3.480071514247749,0.85,0.0,True,1.91751940435051,2949892987.513047,1,0.0,0.0,0.0,2.0,0.0,True,3,0.0,0.0,0.0,2.0,0.0,True,4,0.0,0.0,0.0,2.0,0.0,True,0.0,0.0,True,198.72538229297427,2117616552.2894416,1107403.6583532686
0.6255490272335615,2.2425275398307303,47.528835654247125,p01,0.0,0.0,12.233453205148445,7.033701235245141,0.85,0.0,True,31.94712065234283,13832406.46661897,p02,0.0,0.0,10.948833594206782,2.4310213069778337,0.85,0.0,True,1.3394927401447865,5886167730.061016,1,0.0,0.0,0.0,2.0,0.0,True,3,0.0,0.0,0.0,2.0,0.0,True,4,0.0,0.0,0.0,2.0,0.0,True,0.0,0.0,True,256.9821189264076,1974085937.6852267,1423511.2632177267
0.12395631019300046,2.119873094803222,15.726422961009451,p01,0.0,0.0,13.17662995097153,7.825828364746358,0.85,0.0,True,77.26430699967922,8028265.226705905,p02,0.0,0.0,11.108074980608968,0.875403691038509,0.85,0.0,True,0.4823474337622185,181892668907.28577,1,0.0,0.0,0.0,2.0,0.0,True,3,0.0,0.0,0.0,2.0,0.0,True,4,0.0,0.0,0.0,2.0,0.0,True,0.0,0.0,True,151.4036068583356,3989204528.506373,460128.1986913674
0.6846204216732711,3.221084325117988,35.126404141982775,p01,0.0,0.0,12.297470663949335,6.736322605700346,0.85,0.0,True,34.038826395899264,13623545.244292533,p02,0.0,0.0,11.603044177002056,13.09391128243776,0.85,0.0,True,7.214745116623207,169903110.57013953,1,0.0,0.0,0.0,2.0,0.0,True,3,0.0,0.0,0.0,2.0,0.0,True,4,0.0,0.0,0.0,2.0,0.0,True,0.0,0.0,True,274.8078601969563,1778205071.687612,1481029.0431443285
0.7199254835817227,1.6751400640334388,17.923634361209437,p01,0.0,0.0,13.475357116382877,5.329485731345096,0.85,0.0,True,104.46041387204288,8316877.231961216,p02,0.0,0.0,11.709037817432336,4.071169503835935,0.85,0.0,True,2.2432143966136002,7215153890.0539465,1,0.0,0.0,0.0,2.0,0.0,True,3,0.0,0.0,0.0,2.0,0.0,True,4,0.0,0.0,0.0,2.0,0.0,True,0.0,0.0,True,286.0771035605251,2406147892.402605,1511852.8483157917
0.44935712720642706,3.341794540552911,28.880365500499313,p01,0.0,0.0,12.969321289825638,6.71972284619033,0.85,0.0,True,64.33360892309545,9493850.462998226,p02,0.0,0.0,11.169613549147002,6.138250540112169,0.85,0.0,True,3.3821760476018055,607918069.1314566,1,0.0,0.0,0.0,2.0,0.0,True,3,0.0,0.0,0.0,2.0,0.0,True,4,0.0,0.0,0.0,2.0,0.0,True,0.0,0.0,True,211.0571851606948,1856163898.332557,1198456.9036487492
0.5022602098048264,3.303510818961339,14.125078975998605,p01,0.0,0.0,13.05115813616398,6.423354582564589,0.85,0.0,True,69.72838254338332,9270982.210629115,p02,0.0,0.0,11.739856245140897,5.040143801024495,0.85,0.0,True,2.777119234364497,4082186081.484938,1,0.0,0.0,0.0,2.0,0.0,True,3,0.0,0.0,0.0,2.0,0.0,True,4,0.0,0.0,0.0,2.0,0.0,True,0.0,0.0,True,223.75039358505563,1810466060.205384,1275567.6351929193
0.46729391604526405,3.3259946864639165,26.616168602641384,p01,0.0,0.0,12.853795239359744,6.806617990525755,0.85,0.0,True,57.58307717392118,10063543.983089946,p02,0.0,0.0,11.120695745920603,2.8143359553640375,0.85,0.0,True,1.5506991114055848,5635510502.573965,1,0.0,0.0,0.0,2.0,0.0,True,3,0.0,0.0,0.0,2.0,0.0,True,4,0.0,0.0,0.0,2.0,0.0,True,0.0,0.0,True,215.2590583234748,1838284514.5654614,1225624.3730206462
0.4750062993568606,2.9707464416270772,25.30435535938087,p01,0.0,0.0,13.166255922549343,6.372587019108876,0.85,0.0,True,77.86230750077605,8724461.509027394,p02,0.0,0.0,11.133714236095578,4.837533793894212,0.85,0.0,True,2.665481120435711,1143424610.263529,1,0.0,0.0,0.0,2.0,0.0,True,3,0.0,0.0,0.0,2.0,0.0,True,4,0.0,0.0,0.0,2.0,0.0,True,0.0,0.0,True,217.09765890183056,1866134014.9149516,1236976.7398146582
0.970774134600122,2.1314873311277793,20.717411324925546,p01,0.0,0.0,13.416638687305472,4.869315862254631,0.85,0.0,True,97.39693709613003,9564705.803262427,p02,0.0,0.0,11.609558468132423,3.090329167194503,0.85,0.0,True,1.7027713711241712,13119267295.640772,1,0.0,0.0,0.0,2.0,0.0,True,3,0.0,0.0,0.0,2.0,0.0,True,4,0.0,0.0,0.0,2.0,0.0,True,0.0,0.0,True,380.3140571204404,2470288103.0430713,1669678.3383340028
0.37575067946344887,3.1212468947874354,20.279282133060782,p01,0.0,0.0,13.348396471834947,6.490089925029209,0.85,0.0,True,92.62962184286401,7787520.884667537,p02,0.0,0.0,11.203175567316787,5.770085187145402,0.85,0.0,True,3.179316938117117,790668118.7432462,1,0.0,0.0,0.0,2.0,0.0,True,3,0.0,0.0,0.0,2.0,0.0,True,4,0.0,0.0,0.0,2.0,0.0,True,0.0,0.0,True,194.87608695326298,1987295438.1957216,1074917.5524230427
0.3075811142960414,2.458577074496185,33.8836961883397,p01,0.0,0.0,12.275478204350891,8.42072227885812,0.85,0.0,True,32.501908013675596,12958963.279166719,p02,0.0,0.0,10.915403580445265,1.7965484028532055,0.85,0.0,True,0.9898981699721163,13503680315.641537,1,0.0,0.0,0.0,2.0,0.0,True,3,0.0,0.0,0.0,2.0,0.0,True,4,0.0,0.0,0.0,2.0,0.0,True,0.0,0.0,True,181.35671480606777,2227902827.7428846,941032.3443378111
0.4718405806851082,2.1636260346390714,18.709641871294853,p01,0.0,0.0,13.038070573440656,6.546973065239838,0.85,0.0,True,68.79968624485514,9248839.656357044,p02,0.0,0.0,11.670312651508064,9.402512193708777,0.85,0.0,True,5.180784218733536,535730374.78884184,1,0.0,0.0,0.0,2.0,0.0,True,3,0.0,0.0,0.0,2.0,0.0,True,4,0.0,0.0,0.0,2.0,0.0,True,0.0,0.0,True,216.34063176162005,2002870510.5335488,1232340.4613380898
0.5892998137945683,1.3198885413983872,46.14046713897067,p01,0.0,0.0,12.70329382093422,6.559256004128209,0.85,0.0,True,50.02655622393311,11115710.662540028,p02,0.0,0.0,11.174555946877627,4.194104307009678,0.85,0.0,True,2.310951473162333,1927540893.6544068,1,0.0,0.0,0.0,2.0,0.0,True,3,0.0,0.0,0.0,2.0,0.0,True,4,0.0,0.0,0.0,2.0,0.0,True,0.0,0.0,True,246.6649169695569,2589580966.571549,1384187.7539090747
0.4326648686994772,1.3814683211989462,7.418053995667519,p01,0.0,0.0,14.22114414865536,5.284391428232742,0.85,0.0,True,215.70510675507552,5292167.690270097,p02,0.0,0.0,11.866631398414821,8.806676810534718,0.85,0.0,True,4.85247892260463,1024614640.4692857,1,0.0,0.0,0.0,2.0,0.0,True,3,0.0,0.0,0.0,2.0,0.0,True,4,0.0,0.0,0.0,2.0,0.0,True,0.0,0.0,True,207.23916370510702,2351975311.361613,1172183.2266531026
0.6905442288131602,3.3228535804763815,15.343951540432254,p01,0.0,0.0,13.245339330085448,5.6345809476536175,0.85,0.0,True,83.99359632670367,9060619.752935335,p02,0.0,0.0,11.838166394675179,12.40516747712016,0.85,0.0,True,6.835247279893209,343339550.41338426,1,0.0,0.0,0.0,2.0,0.0,True,3,0.0,0.0,0.0,2.0,0.0,True,4,0.0,0.0,0.0,2.0,0.0,True,0.0,0.0,True,276.6661571247159,1765038978.0652568,1486378.4020942138
0.24319102287205296,1.4250071309399033,27.289671135736256,p01,0.0,0.0,12.861711169230757,7.764334827503199,0.85,0.0,True,57.25367036449413,9601063.598883128,p02,0.0,0.0,11.027725517126779,2.445115711986348,0.85,0.0,True,1.3472587573044779,6937333981.417567,1,0.0,0.0,0.0,2.0,0.0,True,3,0.0,0.0,0.0,2.0,0.0,True,4,0.0,0.0,0.0,2.0,0.0,True,0.0,0.0,True,169.81744219952296,2713397687.093517,794480.0963596363
0.6972963999350572,2.059007692962601,29.412429784982436,p01,0.0,0.0,12.5073207171963,6.437922437729475,0.85,0.0,True,41.58519405756528,12475404.857721766,p02,0.0,0.0,11.55304986622438,5.674844768413867,0.85,0.0,True,3.126839467396041,1860172598.825434,1,0.0,0.0,0.0,2.0,0.0,True,3,0.0,0.0,0.0,2.0,0.0,True,4,0.0,0.0,0.0,2.0,0.0,True,0.0,0.0,True,278.8002522984364,2095833132.6468778,1492387.1945117116
0.12351530748354905,3.4247123883306365,89.24253442606108,p01,0.0,0.0,11.57422973869556,11.074731104263988,0.85,0.0,True,15.964272415146096,18648605.85771609,p02,0.0,0.0,9.793314305243278,0.37035284720817585,0.85,0.0,True,0.20406441881170492,116367733864.44054,1,0.0,0.0,0.0,2.0,0.0,True,3,0.0,0.0,0.0,2.0,0.0,True,4,0.0,0.0,0.0,2.0,0.0,True,0.0,0.0,True,151.34226548152046,3915225978.687783,458715.46439835
